run_index,phase,stage,gpu_ms,host_ms,alloc_start_gib,alloc_end_gib,peak_alloc_gib,peak_reserved_gib
0,first,text_encode,1545.122802734375,1545.1258349930868,14.92723560333252,14.942509651184082,15.18505573272705,15.220703125
0,first,denoise_step_0,542.3001708984375,542.234858032316,14.943610191345215,14.944586753845215,15.512305736541748,15.9609375
0,first,denoise_step_1,245.08006286621094,33.17846904974431,14.944586753845215,14.945563316345215,15.513282299041748,15.9609375
0,first,denoise_step_2,243.3638458251953,242.6909840432927,14.944586753845215,14.945563316345215,15.513282299041748,15.9609375
0,first,denoise_step_3,243.6116485595703,241.4956670254469,14.944586753845215,14.945563316345215,15.513282299041748,15.9609375
0,first,vae_decode,1446.835205078125,1446.6062900028192,14.945563316345215,14.951422691345215,17.323493003845215,19.599609375
0,first,postprocess,50.9153938293457,50.87557097431272,14.951422691345215,14.951422691345215,14.963141441345215,19.599609375
1,warmup,text_encode,47.550079345703125,47.52539098262787,14.935171127319336,14.942510604858398,15.185056686401367,19.599609375
1,warmup,denoise_step_0,241.1714630126953,30.596605967730284,14.943610191345215,14.944586753845215,15.512305736541748,19.599609375
1,warmup,denoise_step_1,242.89382934570312,240.9807830117643,14.944586753845215,14.945563316345215,15.513282299041748,19.599609375
1,warmup,denoise_step_2,243.93113708496094,241.4267580024898,14.944586753845215,14.945563316345215,15.513282299041748,19.599609375
1,warmup,denoise_step_3,249.15455627441406,242.4917310127057,14.944586753845215,14.945563316345215,15.513282299041748,19.599609375
1,warmup,vae_decode,165.86239624023438,61.32181303109974,14.945563316345215,14.951422691345215,17.323493003845215,19.599609375
1,warmup,postprocess,28.607135772705078,347.52114000730217,14.951422691345215,14.951422691345215,14.963141441345215,19.599609375
2,warmup,text_encode,47.123680114746094,47.094544977881014,14.935171127319336,14.942510604858398,15.185056686401367,19.599609375
2,warmup,denoise_step_0,241.07725524902344,30.851524032186717,14.943610191345215,14.944586753845215,15.512305736541748,19.599609375
2,warmup,denoise_step_1,243.6126708984375,240.95433298498392,14.944586753845215,14.945563316345215,15.513282299041748,19.599609375
2,warmup,denoise_step_2,244.5885467529297,242.46882903389633,14.944586753845215,14.945563316345215,15.513282299041748,19.599609375
2,warmup,denoise_step_3,250.68031311035156,242.51188902417198,14.944586753845215,14.945563316345215,15.513282299041748,19.599609375
2,warmup,vae_decode,165.42105102539062,60.87712099542841,14.945563316345215,14.951422691345215,17.323493003845215,19.599609375
2,warmup,postprocess,28.934879302978516,349.45319598773494,14.951422691345215,14.951422691345215,14.963141441345215,19.599609375
3,warmup,text_encode,47.1214714050293,47.09550703410059,14.935171127319336,14.942510604858398,15.185056686401367,19.599609375
3,warmup,denoise_step_0,241.73158264160156,30.717201996594667,14.943610191345215,14.944586753845215,15.512305736541748,19.599609375
3,warmup,denoise_step_1,244.50457763671875,241.50129803456366,14.944586753845215,14.945563316345215,15.513282299041748,19.599609375
3,warmup,denoise_step_2,246.50035095214844,243.08972101425752,14.944586753845215,14.945563316345215,15.513282299041748,19.599609375
3,warmup,denoise_step_3,246.46450805664062,244.67180197825655,14.944586753845215,14.945563316345215,15.513282299041748,19.599609375
3,warmup,vae_decode,165.8961944580078,60.64911402063444,14.945563316345215,14.951422691345215,17.323493003845215,19.599609375
3,warmup,postprocess,28.405792236328125,345.54518200457096,14.951422691345215,14.951422691345215,14.963141441345215,19.599609375
4,measured,text_encode,47.29475021362305,47.272627998609096,14.935171127319336,14.942510604858398,15.185056686401367,19.599609375
4,measured,denoise_step_0,236.72012329101562,30.816828948445618,14.943610191345215,14.944586753845215,15.512305736541748,19.599609375
4,measured,denoise_step_1,243.9014434814453,236.59574601333588,14.944586753845215,14.945563316345215,15.513282299041748,19.599609375
4,measured,denoise_step_2,243.0740509033203,242.32492898590863,14.944586753845215,14.945563316345215,15.513282299041748,19.599609375
4,measured,denoise_step_3,252.27059936523438,241.52224702993408,14.944586753845215,14.945563316345215,15.513282299041748,19.599609375
4,measured,vae_decode,166.76351928710938,61.014928040094674,14.945563316345215,14.951422691345215,17.323493003845215,19.599609375
4,measured,postprocess,30.270912170410156,353.9134140009992,14.951422691345215,14.951422691345215,14.963141441345215,19.599609375
5,measured,text_encode,47.46249771118164,47.43093403521925,14.935171127319336,14.942510604858398,15.185056686401367,19.599609375
5,measured,denoise_step_0,241.35372924804688,30.55988799314946,14.943610191345215,14.944586753845215,15.512305736541748,19.599609375
5,measured,denoise_step_1,243.78982543945312,241.56211101217195,14.944586753845215,14.945563316345215,15.513282299041748,19.599609375
5,measured,denoise_step_2,245.0339813232422,242.39520099945366,14.944586753845215,14.945563316345215,15.513282299041748,19.599609375
5,measured,denoise_step_3,246.908935546875,243.26890596421435,14.944586753845215,14.945563316345215,15.513282299041748,19.599609375
5,measured,vae_decode,166.01600646972656,60.697323991917074,14.945563316345215,14.951422691345215,17.323493003845215,19.599609375
5,measured,postprocess,27.266016006469727,344.9724299716763,14.951422691345215,14.951422691345215,14.963141441345215,19.599609375
6,measured,text_encode,49.28793716430664,49.26783300470561,14.935171127319336,14.942510604858398,15.185056686401367,19.599609375
6,measured,denoise_step_0,241.12538146972656,31.049413955770433,14.943610191345215,14.944586753845215,15.512305736541748,19.599609375
6,measured,denoise_step_1,245.2674560546875,241.2523520179093,14.944586753845215,14.945563316345215,15.513282299041748,19.599609375
6,measured,denoise_step_2,244.70220947265625,243.5526470071636,14.944586753845215,14.945563316345215,15.513282299041748,19.599609375
6,measured,denoise_step_3,246.793212890625,242.59999400237575,14.944586753845215,14.945563316345215,15.513282299041748,19.599609375
6,measured,vae_decode,165.67295837402344,60.52538298536092,14.945563316345215,14.951422691345215,17.323493003845215,19.599609375
6,measured,postprocess,28.046815872192383,345.5302740330808,14.951422691345215,14.951422691345215,14.963141441345215,19.599609375
7,measured,text_encode,47.55615997314453,47.52924799686298,14.935171127319336,14.942510604858398,15.185056686401367,19.599609375
7,measured,denoise_step_0,241.76332092285156,30.678288952913135,14.943610191345215,14.944586753845215,15.512305736541748,19.599609375
7,measured,denoise_step_1,245.15379333496094,242.15358798392117,14.944586753845215,14.945563316345215,15.513282299041748,19.599609375
7,measured,denoise_step_2,243.45907592773438,243.23797796387225,14.944586753845215,14.945563316345215,15.513282299041748,19.599609375
7,measured,denoise_step_3,248.87295532226562,242.2196320258081,14.944586753845215,14.945563316345215,15.513282299041748,19.599609375
7,measured,vae_decode,165.07186889648438,60.52801798796281,14.945563316345215,14.951422691345215,17.323493003845215,19.599609375
7,measured,postprocess,30.290367126464844,348.8903930410743,14.951422691345215,14.951422691345215,14.963141441345215,19.599609375
8,measured,text_encode,47.18105697631836,47.1604079939425,14.935171127319336,14.942510604858398,15.185056686401367,19.599609375
8,measured,denoise_step_0,241.839111328125,30.780731001868844,14.943610191345215,14.944586753845215,15.512305736541748,19.599609375
8,measured,denoise_step_1,244.72064208984375,241.89639696851373,14.944586753845215,14.945563316345215,15.513282299041748,19.599609375
8,measured,denoise_step_2,244.43699645996094,242.39626299822703,14.944586753845215,14.945563316345215,15.513282299041748,19.599609375
8,measured,denoise_step_3,248.70297241210938,243.17253596382216,14.944586753845215,14.945563316345215,15.513282299041748,19.599609375
8,measured,vae_decode,165.7855987548828,60.51189702702686,14.945563316345215,14.951422691345215,17.323493003845215,19.599609375
8,measured,postprocess,26.84003257751465,345.93150502769276,14.951422691345215,14.951422691345215,14.963141441345215,19.599609375
9,measured,text_encode,47.215904235839844,47.19778802245855,14.935171127319336,14.942510604858398,15.185056686401367,19.599609375
9,measured,denoise_step_0,241.828857421875,30.880548001732677,14.943610191345215,14.944586753845215,15.512305736541748,19.599609375
9,measured,denoise_step_1,245.7057342529297,241.85521999606863,14.944586753845215,14.945563316345215,15.513282299041748,19.599609375
9,measured,denoise_step_2,244.3151397705078,243.94730501808226,14.944586753845215,14.945563316345215,15.513282299041748,19.599609375
9,measured,denoise_step_3,246.87103271484375,242.80855397228152,14.944586753845215,14.945563316345215,15.513282299041748,19.599609375
9,measured,vae_decode,165.56748962402344,61.02037901291624,14.945563316345215,14.951422691345215,17.323493003845215,19.599609375
9,measured,postprocess,27.43097686767578,343.8676620135084,14.951422691345215,14.951422691345215,14.963141441345215,19.599609375
10,measured,text_encode,47.46393585205078,47.44535201461986,14.935171127319336,14.942510604858398,15.185056686401367,19.599609375
10,measured,denoise_step_0,242.8344268798828,30.80920403590426,14.943610191345215,14.944586753845215,15.512305736541748,19.599609375
10,measured,denoise_step_1,244.6315460205078,242.31381801655516,14.944586753845215,14.945563316345215,15.513282299041748,19.599609375
10,measured,denoise_step_2,243.63929748535156,243.08766599278897,14.944586753845215,14.945563316345215,15.513282299041748,19.599609375
10,measured,denoise_step_3,250.47654724121094,242.43783100973815,14.944586753845215,14.945563316345215,15.513282299041748,19.599609375
10,measured,vae_decode,165.6873016357422,60.84861699491739,14.945563316345215,14.951422691345215,17.323493003845215,19.599609375
10,measured,postprocess,28.112863540649414,348.1626710272394,14.951422691345215,14.951422691345215,14.963141441345215,19.599609375
11,measured,text_encode,48.0777587890625,48.05743700126186,14.935171127319336,14.942510604858398,15.185056686401367,19.599609375
11,measured,denoise_step_0,241.4397430419922,31.032181985210627,14.943610191345215,14.944586753845215,15.512305736541748,19.599609375
11,measured,denoise_step_1,243.16928100585938,241.15061102202162,14.944586753845215,14.945563316345215,15.513282299041748,19.599609375
11,measured,denoise_step_2,244.12057495117188,241.70671100728214,14.944586753845215,14.945563316345215,15.513282299041748,19.599609375
11,measured,denoise_step_3,252.64743041992188,242.87854600697756,14.944586753845215,14.945563316345215,15.513282299041748,19.599609375
11,measured,vae_decode,167.4608612060547,61.65049795527011,14.945563316345215,14.951422691345215,17.323493003845215,19.599609375
11,measured,postprocess,28.353248596191406,351.99393198126927,14.951422691345215,14.951422691345215,14.963141441345215,19.599609375
12,measured,text_encode,47.22902297973633,47.2023370093666,14.935171127319336,14.942510604858398,15.185056686401367,19.599609375
12,measured,denoise_step_0,243.09555053710938,30.83742700982839,14.943610191345215,14.944586753845215,15.512305736541748,19.599609375
12,measured,denoise_step_1,244.7124481201172,242.93551297159865,14.944586753845215,14.945563316345215,15.513282299041748,19.599609375
12,measured,denoise_step_2,244.41856384277344,243.36636799853295,14.944586753845215,14.945563316345215,15.513282299041748,19.599609375
12,measured,denoise_step_3,249.61228942871094,243.23134496808052,14.944586753845215,14.945563316345215,15.513282299041748,19.599609375
12,measured,vae_decode,166.46759033203125,61.55161396600306,14.945563316345215,14.951422691345215,17.323493003845215,19.599609375
12,measured,postprocess,27.49852752685547,347.056741011329,14.951422691345215,14.951422691345215,14.963141441345215,19.599609375
13,measured,text_encode,48.05433654785156,48.03303099470213,14.935171127319336,14.942510604858398,15.185056686401367,19.599609375
13,measured,denoise_step_0,241.97836303710938,31.204734987113625,14.943610191345215,14.944586753845215,15.512305736541748,19.599609375
13,measured,denoise_step_1,244.00588989257812,241.60047300392762,14.944586753845215,14.945563316345215,15.513282299041748,19.599609375
13,measured,denoise_step_2,245.45689392089844,242.71132197463885,14.944586753845215,14.945563316345215,15.513282299041748,19.599609375
13,measured,denoise_step_3,250.91993713378906,243.43659001169726,14.944586753845215,14.945563316345215,15.513282299041748,19.599609375
13,measured,vae_decode,166.10406494140625,61.090681003406644,14.945563316345215,14.951422691345215,17.323493003845215,19.599609375
13,measured,postprocess,27.61734390258789,348.7798959831707,14.951422691345215,14.951422691345215,14.963141441345215,19.599609375
