run_index,phase,wall_ms,gpu_span_ms,text_encode_ms,denoise_ms,denoise_step_0_ms,denoise_step_1_ms,denoise_step_2_ms,denoise_step_3_ms,vae_decode_ms,postprocess_ms,other_ms,peak_alloc_gib,peak_reserved_gib,device_used_peak_gib,host_rss_gib,image_sha256
0,first,3019.5829999865964,,394.9729999876581,1832.5770000228658,517.0890000299551,438.6869999580085,436.0459999879822,440.75500004692003,764.8429999826476,,27.189999993424863,,,22.90570068359375,,834e7fb5eb19dc2b50bba97c6ee67bb57a82b8d61c840c44d49e922640dc70ed
1,warmup,2494.9269999633543,,67.07799999276176,1773.6450000084005,452.5439999997616,437.99700000090525,442.87799997255206,440.22600003518164,625.3689999575727,,28.83500000461936,,,22.90570068359375,,834e7fb5eb19dc2b50bba97c6ee67bb57a82b8d61c840c44d49e922640dc70ed
2,warmup,2490.8059999579564,,66.41699996544048,1770.2059999573976,451.279999979306,439.43999998737127,441.17599999299273,438.3099999977276,625.144999998156,,29.03800003696233,,,22.90570068359375,,834e7fb5eb19dc2b50bba97c6ee67bb57a82b8d61c840c44d49e922640dc70ed
3,warmup,2495.7670000148937,,65.82100002560765,1775.9190000360832,453.9970000041649,438.19100002292544,442.2490000142716,441.48199999472126,624.565000005532,,29.461999947670847,,,22.90570068359375,,834e7fb5eb19dc2b50bba97c6ee67bb57a82b8d61c840c44d49e922640dc70ed
4,measured,2507.1379999862984,,66.4460000116378,1779.3599999858998,452.30399997672066,440.76999998651445,445.0100000249222,441.2759999977425,631.4400000264868,,29.891999962273985,,,22.90570068359375,,834e7fb5eb19dc2b50bba97c6ee67bb57a82b8d61c840c44d49e922640dc70ed
5,measured,2508.222000033129,,65.83800003863871,1776.880000019446,453.8360000005923,439.6710000000894,441.0290000378154,442.34399998094887,636.3199999905191,,29.183999984525144,,,22.90570068359375,,834e7fb5eb19dc2b50bba97c6ee67bb57a82b8d61c840c44d49e922640dc70ed
6,measured,2500.5000000237487,,66.3100000238046,1777.312999998685,455.30900004087016,441.1909999907948,440.69700001273304,440.11599995428696,627.236999978777,,29.640000022482127,,,22.90570068359375,,834e7fb5eb19dc2b50bba97c6ee67bb57a82b8d61c840c44d49e922640dc70ed
7,measured,2523.194000008516,,70.31500001903623,1796.717000019271,456.4740000059828,447.1919999923557,444.2680000211112,448.7829999998212,626.7239999724552,,29.43799999775365,,,22.90570068359375,,834e7fb5eb19dc2b50bba97c6ee67bb57a82b8d61c840c44d49e922640dc70ed
8,measured,2511.4019999746233,,66.89499999629334,1787.7669999725185,453.8719999836758,441.2529999972321,451.5830000163987,441.0589999752119,627.1030000061728,,29.636999999638647,,,22.90570068359375,,834e7fb5eb19dc2b50bba97c6ee67bb57a82b8d61c840c44d49e922640dc70ed
9,measured,2509.890000044834,,73.67400004295632,1780.2490000030957,453.4630000125617,443.7540000071749,441.1989999935031,441.83299998985603,626.9310000352561,,29.035999963525683,,,22.90570068359375,,834e7fb5eb19dc2b50bba97c6ee67bb57a82b8d61c840c44d49e922640dc70ed
10,measured,2530.9610000113025,,66.90299999900162,1800.239000003785,461.5680000279099,443.20799998240545,452.95200002146885,442.5109999720007,634.7279999754392,,29.091000033076853,,,22.90570068359375,,834e7fb5eb19dc2b50bba97c6ee67bb57a82b8d61c840c44d49e922640dc70ed
11,measured,2510.7260000077076,,65.96699997317046,1784.9249999853782,456.3719999860041,441.3940000231378,443.0230000289157,444.13599994732067,629.3779999832623,,30.45600006589666,,,22.90570068359375,,834e7fb5eb19dc2b50bba97c6ee67bb57a82b8d61c840c44d49e922640dc70ed
12,measured,2509.0389999677427,,65.40799996582791,1785.2699999930337,456.6820000181906,442.22999998601153,442.7900000009686,443.567999987863,629.0700000245124,,29.290999984368682,,,22.90570068359375,,834e7fb5eb19dc2b50bba97c6ee67bb57a82b8d61c840c44d49e922640dc70ed
13,measured,2513.5599999921396,,66.38099998235703,1787.5520000234246,455.21099999314174,444.11100004799664,445.1479999697767,443.0820000125095,630.527000001166,,29.09999998519197,,,22.90570068359375,,834e7fb5eb19dc2b50bba97c6ee67bb57a82b8d61c840c44d49e922640dc70ed
