run_index,phase,stage,gpu_ms,host_ms,alloc_start_gib,alloc_end_gib,device_used_peak_gib
0,first,text_encode,,394.9729999876581,,,15.92718505859375
0,first,denoise_step_0,,517.0890000299551,,,17.04632568359375
0,first,denoise_step_1,,438.6869999580085,,,17.04632568359375
0,first,denoise_step_2,,436.0459999879822,,,17.04632568359375
0,first,denoise_step_3,,440.75500004692003,,,17.04632568359375
0,first,vae_decode,,764.8429999826476,,,22.90570068359375
1,warmup,text_encode,,67.07799999276176,,,16.46624755859375
1,warmup,denoise_step_0,,452.5439999997616,,,17.44281005859375
1,warmup,denoise_step_1,,437.99700000090525,,,17.44281005859375
1,warmup,denoise_step_2,,442.87799997255206,,,17.44281005859375
1,warmup,denoise_step_3,,440.22600003518164,,,17.44281005859375
1,warmup,vae_decode,,625.3689999575727,,,22.90570068359375
2,warmup,text_encode,,66.41699996544048,,,16.46624755859375
2,warmup,denoise_step_0,,451.279999979306,,,17.44281005859375
2,warmup,denoise_step_1,,439.43999998737127,,,17.44281005859375
2,warmup,denoise_step_2,,441.17599999299273,,,17.44281005859375
2,warmup,denoise_step_3,,438.3099999977276,,,17.44281005859375
2,warmup,vae_decode,,625.144999998156,,,22.90570068359375
3,warmup,text_encode,,65.82100002560765,,,16.46624755859375
3,warmup,denoise_step_0,,453.9970000041649,,,17.44281005859375
3,warmup,denoise_step_1,,438.19100002292544,,,17.44281005859375
3,warmup,denoise_step_2,,442.2490000142716,,,17.44281005859375
3,warmup,denoise_step_3,,441.48199999472126,,,17.44281005859375
3,warmup,vae_decode,,624.565000005532,,,22.90570068359375
4,measured,text_encode,,66.4460000116378,,,16.46624755859375
4,measured,denoise_step_0,,452.30399997672066,,,17.44281005859375
4,measured,denoise_step_1,,440.76999998651445,,,17.44281005859375
4,measured,denoise_step_2,,445.0100000249222,,,17.44281005859375
4,measured,denoise_step_3,,441.2759999977425,,,17.44281005859375
4,measured,vae_decode,,631.4400000264868,,,22.90570068359375
5,measured,text_encode,,65.83800003863871,,,16.46624755859375
5,measured,denoise_step_0,,453.8360000005923,,,17.44281005859375
5,measured,denoise_step_1,,439.6710000000894,,,17.44281005859375
5,measured,denoise_step_2,,441.0290000378154,,,17.44281005859375
5,measured,denoise_step_3,,442.34399998094887,,,17.44281005859375
5,measured,vae_decode,,636.3199999905191,,,22.90570068359375
6,measured,text_encode,,66.3100000238046,,,16.46624755859375
6,measured,denoise_step_0,,455.30900004087016,,,17.44281005859375
6,measured,denoise_step_1,,441.1909999907948,,,17.44281005859375
6,measured,denoise_step_2,,440.69700001273304,,,17.44281005859375
6,measured,denoise_step_3,,440.11599995428696,,,17.44281005859375
6,measured,vae_decode,,627.236999978777,,,22.90570068359375
7,measured,text_encode,,70.31500001903623,,,16.46624755859375
7,measured,denoise_step_0,,456.4740000059828,,,17.44281005859375
7,measured,denoise_step_1,,447.1919999923557,,,17.44281005859375
7,measured,denoise_step_2,,444.2680000211112,,,17.44281005859375
7,measured,denoise_step_3,,448.7829999998212,,,17.44281005859375
7,measured,vae_decode,,626.7239999724552,,,22.90570068359375
8,measured,text_encode,,66.89499999629334,,,16.46624755859375
8,measured,denoise_step_0,,453.8719999836758,,,17.44281005859375
8,measured,denoise_step_1,,441.2529999972321,,,17.44281005859375
8,measured,denoise_step_2,,451.5830000163987,,,17.44281005859375
8,measured,denoise_step_3,,441.0589999752119,,,17.44281005859375
8,measured,vae_decode,,627.1030000061728,,,22.90570068359375
9,measured,text_encode,,73.67400004295632,,,16.46624755859375
9,measured,denoise_step_0,,453.4630000125617,,,17.44281005859375
9,measured,denoise_step_1,,443.7540000071749,,,17.44281005859375
9,measured,denoise_step_2,,441.1989999935031,,,17.44281005859375
9,measured,denoise_step_3,,441.83299998985603,,,17.44281005859375
9,measured,vae_decode,,626.9310000352561,,,22.90570068359375
10,measured,text_encode,,66.90299999900162,,,16.46624755859375
10,measured,denoise_step_0,,461.5680000279099,,,17.44281005859375
10,measured,denoise_step_1,,443.20799998240545,,,17.44281005859375
10,measured,denoise_step_2,,452.95200002146885,,,17.44281005859375
10,measured,denoise_step_3,,442.5109999720007,,,17.44281005859375
10,measured,vae_decode,,634.7279999754392,,,22.90570068359375
11,measured,text_encode,,65.96699997317046,,,16.46624755859375
11,measured,denoise_step_0,,456.3719999860041,,,17.44281005859375
11,measured,denoise_step_1,,441.3940000231378,,,17.44281005859375
11,measured,denoise_step_2,,443.0230000289157,,,17.44281005859375
11,measured,denoise_step_3,,444.13599994732067,,,17.44281005859375
11,measured,vae_decode,,629.3779999832623,,,22.90570068359375
12,measured,text_encode,,65.40799996582791,,,16.46624755859375
12,measured,denoise_step_0,,456.6820000181906,,,17.44281005859375
12,measured,denoise_step_1,,442.22999998601153,,,17.44281005859375
12,measured,denoise_step_2,,442.7900000009686,,,17.44281005859375
12,measured,denoise_step_3,,443.567999987863,,,17.44281005859375
12,measured,vae_decode,,629.0700000245124,,,22.90570068359375
13,measured,text_encode,,66.38099998235703,,,16.46624755859375
13,measured,denoise_step_0,,455.21099999314174,,,17.44281005859375
13,measured,denoise_step_1,,444.11100004799664,,,17.44281005859375
13,measured,denoise_step_2,,445.1479999697767,,,17.44281005859375
13,measured,denoise_step_3,,443.0820000125095,,,17.44281005859375
13,measured,vae_decode,,630.527000001166,,,22.90570068359375
